-- MySQL dump 10.13  Distrib 5.6.36, for Linux (x86_64)
--
-- Host: localhost    Database: ad_7197c511c13af80
-- ------------------------------------------------------
-- Server version	5.6.36-log

/*!40101 SET @OLD_CHARACTER_SET_CLIENT=@@CHARACTER_SET_CLIENT */;
/*!40101 SET @OLD_CHARACTER_SET_RESULTS=@@CHARACTER_SET_RESULTS */;
/*!40101 SET @OLD_COLLATION_CONNECTION=@@COLLATION_CONNECTION */;
/*!40101 SET NAMES utf8 */;
/*!40103 SET @OLD_TIME_ZONE=@@TIME_ZONE */;
/*!40103 SET TIME_ZONE='+00:00' */;
/*!40014 SET @OLD_UNIQUE_CHECKS=@@UNIQUE_CHECKS, UNIQUE_CHECKS=0 */;
/*!40014 SET @OLD_FOREIGN_KEY_CHECKS=@@FOREIGN_KEY_CHECKS, FOREIGN_KEY_CHECKS=0 */;
/*!40101 SET @OLD_SQL_MODE=@@SQL_MODE, SQL_MODE='NO_AUTO_VALUE_ON_ZERO' */;
/*!40111 SET @OLD_SQL_NOTES=@@SQL_NOTES, SQL_NOTES=0 */;

--
-- Table structure for table `movies`
--

DROP TABLE IF EXISTS `movies`;
/*!40101 SET @saved_cs_client     = @@character_set_client */;
/*!40101 SET character_set_client = utf8 */;
CREATE TABLE `movies` (
  `movie_id` int(11) NOT NULL AUTO_INCREMENT,
  `award` varchar(255) DEFAULT NULL,
  `date` varchar(255) DEFAULT NULL,
  `hero` varchar(255) DEFAULT NULL,
  `heroin` varchar(255) DEFAULT NULL,
  `theater` varchar(255) DEFAULT NULL,
  `time` varchar(255) DEFAULT NULL,
  PRIMARY KEY (`movie_id`)
) ENGINE=MyISAM AUTO_INCREMENT=547 DEFAULT CHARSET=utf8;
/*!40101 SET character_set_client = @saved_cs_client */;

--
-- Dumping data for table `movies`
--

LOCK TABLES `movies` WRITE;
/*!40000 ALTER TABLE `movies` DISABLE KEYS */;
INSERT INTO `movies` VALUES (1,'CHENNAI','07/4/2018','MUMBAI','CHENNAI','MUMBAI','20:00'),(11,'PUNJAB','08/4/2018','DELHI','PUNJAB','DELHI','16:00'),(21,'KOLKATA','08/4/2018','KOLKATA','BANGALORE','KOLKATA','20:00'),(31,'HYDERABAD','09/4/2018','HYDERABAD','RAJASTHAN','HYDERABAD','16:00'),(41,'CHENNAI','10/4/2018','CHENNAI','KOLKATA','CHENNAI','20:00'),(51,'RAJASTHAN','11/4/2018','RAJASTHAN','DELHI','JAIPUR','20:00'),(61,'HYDERABAD','12/4/2018','HYDERABAD','MUMBAI','HYDERABAD','20:00'),(71,'BANGALORE','13/4/2018','BANGALORE','PUNJAB','BENGALURU','20:00'),(81,'DELHI','14/4/2018','MUMBAI','DELHI','MUMBAI','16:00'),(91,'HYDERABAD','14/4/2018','KOLKATA','HYDERABAD','KOLKATA','20:00'),(101,'PUNJAB','15/4/2018','PUNJAB','CHENNAI','INDORE','20:00'),(111,'KOLKATA','16/4/2018','KOLKATA','DELHI','KOLKATA','20:00'),(121,'MUMBAI','17/4/2018','MUMBAI','BANGALORE','MUMBAI','20:00'),(131,'KOLKATA','18/4/2018','RAJASTHAN','KOLKATA','JAIPUR','20:00'),(141,'PUNJAB','19/4/2018','PUNJAB','HYDERABAD','INDORE','20:00'),(151,'CHENNAI','20/4/2018','CHENNAI','RAJASTHAN','CHENNAI','20:00'),(161,'PUNJAB','21/4/2018','KOLKATA','PUNJAB','KOLKATA','16:00'),(171,'BANGALORE','21/4/2018','DELHI','BANGALORE','DELHI','20:00'),(181,'CHENNAI','22/4/2018','HYDERABAD','CHENNAI','HYDERABAD','16:00'),(191,'RAJASTHAN','22/4/2018','RAJASTHAN','MUMBAI','JAIPUR','20:00'),(201,'PUNJAB','23/4/2018','PUNJAB','DELHI','INDORE','20:00'),(211,'HYDERABAD','24/4/2018','MUMBAI','HYDERABAD','MUMBAI','20:00'),(221,'CHENNAI','25/4/2018','BANGALORE','CHENNAI','BENGALURU','20:00'),(231,'HYDERABAD','26/4/2018','HYDERABAD','PUNJAB','HYDERABAD','20:00'),(241,'DELHI','27/4/2018','DELHI','KOLKATA','DELHI','20:00'),(251,'MUMBAI','28/4/2018','CHENNAI','MUMBAI','CHENNAI','20:00'),(261,'HYDERABAD','29/4/2018','RAJASTHAN','HYDERABAD','JAIPUR','16:00'),(271,'KOLKATA','29/4/2018','BANGALORE','KOLKATA','BENGALURU','20:00'),(281,'CHENNAI','30/4/2018','CHENNAI','DELHI','CHENNAI','20:00'),(291,'BANGALORE','01/5/2018','BANGALORE','MUMBAI','BENGALURU','20:00'),(301,'DELHI','02/5/2018','DELHI','RAJASTHAN','DELHI','20:00'),(311,'KOLKATA','03/5/2018','KOLKATA','CHENNAI','KOLKATA','20:00'),(321,'MUMBAI','04/5/2018','PUNJAB','MUMBAI','MOHALI','20:00'),(331,'CHENNAI','05/5/2018','CHENNAI','BANGALORE','CHENNAI','16:00'),(341,'HYDERABAD','05/5/2018','HYDERABAD','DELHI','HYDERABAD','20:00'),(351,'MUMBAI','06/5/2018','MUMBAI','KOLKATA','MUMBAI','16:00'),(361,'PUNJAB','06/5/2018','PUNJAB','RAJASTHAN','MOHALI','20:00'),(371,'HYDERABAD','07/5/2018','HYDERABAD','BANGALORE','HYDERABAD','20:00'),(381,'RAJASTHAN','08/5/2018','RAJASTHAN','PUNJAB','JAIPUR','20:00'),(391,'MUMBAI','09/5/2018','KOLKATA','MUMBAI','KOLKATA','20:00'),(401,'HYDERABAD','10/5/2018','DELHI','HYDERABAD','DELHI','20:00'),(411,'RAJASTHAN','11/5/2018','RAJASTHAN','CHENNAI','JAIPUR','20:00'),(421,'KOLKATA','12/5/2018','PUNJAB','KOLKATA','MOHALI','16:00'),(431,'BANGALORE','12/5/2018','BANGALORE','DELHI','BENGALURU','20:00'),(441,'RAJASTHAN','13/5/2018','MUMBAI','RAJASTHAN','MUMBAI','20:00'),(451,'BANGALORE','14/5/2018','PUNJAB','BANGALORE','MOHALI','20:00'),(461,'KOLKATA','15/5/2018','KOLKATA','RAJASTHAN','KOLKATA','20:00'),(471,'MUMBAI','16/5/2018','MUMBAI','PUNJAB','MUMBAI','20:00'),(481,'BANGALORE','17/5/2018','BANGALORE','HYDERABAD','BENGALURU','20:00'),(491,'DELHI','18/5/2018','DELHI','CHENNAI','DELHI','20:00'),(501,'RAJASTHAN','19/5/2018','RAJASTHAN','BANGALORE','JAIPUR','16:00'),(511,'DELHI','20/5/2018','DELHI','MUMBAI','DELHI','16:00'),(521,'CHENNAI','20/5/2018','CHENNAI','PUNJAB','CHENNAI','20:00'),(522,'CHENNAI','13/5/2018','CHENNAI','HYDERABAD','CHENNAI','16:00'),(532,'RAJASTHAN','15/4/2018','BANGALORE','RAJASTHAN','BANGALORE','16:00'),(542,'KOLKATA','19/5/2018','HYDERABAD','KOLKATA','HYDERABAD','20:00'),(543,'CHENNAI','22/5/2018','HYDERABAD','CHENNAI','MUMBAI','19:00'),(544,'KOLKATA','23/5/2018','KOLKATA','RAJASTHAN','KOLKATA','19:00'),(545,'HYDERABAD','25/5/2018','KOLKATA','HYDERABAD','KOLKATA','19:00'),(546,'CHENNAI','27/5/2018','CHENNAI','HYDERABAD','MUMBAI','19:00');
/*!40000 ALTER TABLE `movies` ENABLE KEYS */;
UNLOCK TABLES;

--
-- Table structure for table `my_entity_seq`
--

DROP TABLE IF EXISTS `my_entity_seq`;
/*!40101 SET @saved_cs_client     = @@character_set_client */;
/*!40101 SET character_set_client = utf8 */;
CREATE TABLE `my_entity_seq` (
  `next_val` bigint(20) DEFAULT NULL
) ENGINE=MyISAM DEFAULT CHARSET=utf8;
/*!40101 SET character_set_client = @saved_cs_client */;

--
-- Dumping data for table `my_entity_seq`
--

LOCK TABLES `my_entity_seq` WRITE;
/*!40000 ALTER TABLE `my_entity_seq` DISABLE KEYS */;
INSERT INTO `my_entity_seq` VALUES (3001),(3001);
/*!40000 ALTER TABLE `my_entity_seq` ENABLE KEYS */;
UNLOCK TABLES;

--
-- Table structure for table `patrons`
--

DROP TABLE IF EXISTS `patrons`;
/*!40101 SET @saved_cs_client     = @@character_set_client */;
/*!40101 SET character_set_client = utf8 */;
CREATE TABLE `patrons` (
  `patron_id` int(11) NOT NULL AUTO_INCREMENT,
  `balance` double NOT NULL,
  `date_time` varchar(255) DEFAULT NULL,
  `full_name` varchar(255) DEFAULT NULL,
  `password` varchar(255) DEFAULT NULL,
  `role` int(11) NOT NULL,
  `status` varchar(255) DEFAULT NULL,
  `username` varchar(255) DEFAULT NULL,
  PRIMARY KEY (`patron_id`)
) ENGINE=MyISAM AUTO_INCREMENT=102 DEFAULT CHARSET=utf8;
/*!40101 SET character_set_client = @saved_cs_client */;

--
-- Dumping data for table `patrons`
--

LOCK TABLES `patrons` WRITE;
/*!40000 ALTER TABLE `patrons` DISABLE KEYS */;
INSERT INTO `patrons` VALUES (1,492.6,'27/5/2018  10:48:30','Ravi Mohan Kuruba','dhoni123',0,'ACTIVE','kuruba'),(11,417.8,'27/5/2018  10:48:30','Tejo Krishna Sriram','gambhir123',0,'ACTIVE','tejo'),(21,-1403.1,'27/5/2018  10:48:30','Bharat Teja','ashwin123',0,'ACTIVE','bharat'),(31,58.3,'27/5/2018  10:48:30','Mahesh Karri','kohli321',0,'ACTIVE','mahesh'),(41,-29.3,'27/5/2018  10:48:30','naveen vemula','williamson123',0,'ACTIVE','naveen'),(51,-61.2,'27/5/2018  10:48:30','sudheer ramsetti','rahane123',0,'ACTIVE','sudheer'),(61,337.5,'27/5/2018  10:48:30','Surya','rohit123',0,'ACTIVE','surya'),(71,0.9,'27/5/2018  10:48:30','Suresh Kumar Mutukula','Mutukula*123',1,'ACTIVE','suresh'),(91,149.8,'27/5/2018  10:48:30','Shashidhar','ipl123',0,'ACTIVE','shashi'),(92,42.2,'27/5/2018  10:48:30','Viswanath','viswa123',0,'ACTIVE','viswa');
/*!40000 ALTER TABLE `patrons` ENABLE KEYS */;
UNLOCK TABLES;

--
-- Table structure for table `ratio`
--

DROP TABLE IF EXISTS `ratio`;
/*!40101 SET @saved_cs_client     = @@character_set_client */;
/*!40101 SET character_set_client = utf8 */;
CREATE TABLE `ratio` (
  `ratio_id` int(11) NOT NULL AUTO_INCREMENT,
  `hero` varchar(255) DEFAULT NULL,
  `hero_ratio` double NOT NULL,
  `hero_total_tickets` double NOT NULL,
  `heroin` varchar(255) DEFAULT NULL,
  `heroin_ratio` double NOT NULL,
  `heroin_total_tickets` double NOT NULL,
  `movie_id` int(11) NOT NULL,
  PRIMARY KEY (`ratio_id`)
) ENGINE=MyISAM AUTO_INCREMENT=2803 DEFAULT CHARSET=utf8;
/*!40101 SET character_set_client = @saved_cs_client */;

--
-- Dumping data for table `ratio`
--

LOCK TABLES `ratio` WRITE;
/*!40000 ALTER TABLE `ratio` DISABLE KEYS */;
INSERT INTO `ratio` VALUES (51,'KOLKATA',1.1111111111111112,45,'BANGALORE',0.9,50,21),(31,'MUMBAI',1.2727272727272727,55,'CHENNAI',0.7857142857142857,70,1),(41,'DELHI',1.375,40,'PUNJAB',0.7272727272727273,55,11),(61,'HYDERABAD',0.4666666666666667,75,'RAJASTHAN',2.142857142857143,35,31),(952,'RAJASTHAN',1.1071428571428572,140,'KOLKATA',0.9032258064516129,155,131),(403,'PUNJAB',1.3076923076923077,65,'CHENNAI',0.7647058823529411,85,101),(402,'HYDERABAD',1,80,'MUMBAI',1,80,61),(303,'RAJASTHAN',1.1818181818181819,55,'DELHI',0.8461538461538461,65,51),(302,'CHENNAI',0.9166666666666666,60,'KOLKATA',1.0909090909090908,55,41),(602,'BANGALORE',0.68,125,'PUNJAB',1.4705882352941178,85,71),(752,'MUMBAI',0.6666666666666666,105,'DELHI',1.5,70,81),(753,'KOLKATA',0.7058823529411765,85,'HYDERABAD',1.4166666666666667,60,91),(852,'BANGALORE',0.5,130,'RAJASTHAN',2,65,532),(853,'KOLKATA',0.8695652173913043,115,'DELHI',1.15,100,111),(854,'MUMBAI',0.75,140,'BANGALORE',1.3333333333333333,105,121),(953,'PUNJAB',0.6666666666666666,105,'HYDERABAD',1.5,70,141),(1102,'CHENNAI',0.95,100,'RAJASTHAN',1.0526315789473684,95,151),(1103,'KOLKATA',0.85,100,'PUNJAB',1.1764705882352942,85,161),(1104,'DELHI',0.8666666666666667,75,'BANGALORE',1.1538461538461537,65,171),(1202,'HYDERABAD',1.1333333333333333,75,'CHENNAI',0.8823529411764706,85,181),(1203,'RAJASTHAN',0.9411764705882353,85,'MUMBAI',1.0625,80,191),(1204,'PUNJAB',0.5428571428571428,175,'DELHI',1.8421052631578947,95,201),(1205,'MUMBAI',0.8888888888888888,135,'HYDERABAD',1.125,120,211),(1206,'BANGALORE',1.0869565217391304,115,'CHENNAI',0.92,125,221),(1207,'HYDERABAD',0.9487179487179487,195,'PUNJAB',1.054054054054054,185,231),(1208,'DELHI',1.4,175,'KOLKATA',0.7142857142857143,245,241),(1209,'CHENNAI',0.9032258064516129,155,'MUMBAI',1.1071428571428572,140,251),(1352,'RAJASTHAN',1,160,'HYDERABAD',1.23,130,261),(1353,'BANGALORE',0.43333333333333335,145,'KOLKATA',1.61,90,271),(1354,'CHENNAI',0.8928571428571429,140,'DELHI',1.12,125,281),(1355,'BANGALORE',0.7894736842105263,190,'MUMBAI',1.2666666666666666,150,291),(1502,'DELHI',0.8095238095238095,210,'RAJASTHAN',1.2352941176470589,170,301),(1503,'KOLKATA',1.0263157894736843,190,'CHENNAI',0.9743589743589743,195,311),(1504,'PUNJAB',1.0714285714285714,210,'MUMBAI',0.9333333333333333,225,321),(1505,'CHENNAI',0.6071428571428571,140,'BANGALORE',1.6470588235294117,85,331),(1506,'HYDERABAD',0.6764705882352942,170,'DELHI',1.4782608695652173,115,341),(1702,'MUMBAI',0.5,150,'KOLKATA',2,75,351),(1703,'PUNJAB',0.7083333333333334,120,'RAJASTHAN',1.411764705882353,85,361),(1704,'HYDERABAD',0.7777777777777778,270,'BANGALORE',1.2857142857142858,210,371),(1802,'RAJASTHAN',1.1219512195121952,205,'PUNJAB',0.8913043478260869,230,381),(1803,'KOLKATA',0.7,250,'MUMBAI',1.4285714285714286,175,391),(1804,'DELHI',1.0526315789473684,190,'HYDERABAD',0.95,200,401),(1805,'RAJASTHAN',1.8636363636363635,110,'CHENNAI',0.5365853658536586,205,411),(1902,'PUNJAB',0.8571428571428571,175,'KOLKATA',1.1666666666666667,150,421),(1903,'BANGALORE',0.5384615384615384,130,'DELHI',1.8571428571428572,70,431),(2002,'MUMBAI',0.225,200,'RAJASTHAN',4.444444444444445,45,441),(2003,'PUNJAB',0.3137254901960784,255,'BANGALORE',3.1875,80,451),(2004,'KOLKATA',0.3333333333333333,225,'RAJASTHAN',3,75,461),(2005,'MUMBAI',0.6944444444444444,360,'PUNJAB',1.44,250,471),(2006,'BANGALORE',0.3950617283950617,405,'HYDERABAD',2.53125,160,481),(2007,'DELHI',1.6764705882352942,170,'CHENNAI',0.5964912280701754,285,491),(2008,'RAJASTHAN',7.6875,80,'BANGALORE',0.13008130081300814,615,501),(2102,'CHENNAI',0.46808510638297873,235,'HYDERABAD',2.1363636363636362,110,522),(2402,'HYDERABAD',0.1595744680851064,470,'KOLKATA',6.266666666666667,75,542),(2403,'CHENNAI',0.25806451612903225,465,'PUNJAB',3.875,120,521),(2404,'DELHI',4.653846153846154,130,'MUMBAI',0.21487603305785125,605,511),(2405,'HYDERABAD',0.9101123595505618,445,'CHENNAI',1.0987654320987654,405,543),(2552,'KOLKATA',0.9186046511627907,430,'RAJASTHAN',1.0886075949367089,395,544),(2702,'KOLKATA',0.8967391304347826,920,'HYDERABAD',1.1151515151515152,825,545),(2802,'CHENNAI',0.8738489871086557,1086,'HYDERABAD',1.1443624868282403,949,546);
/*!40000 ALTER TABLE `ratio` ENABLE KEYS */;
UNLOCK TABLES;

--
-- Table structure for table `transactions`
--

DROP TABLE IF EXISTS `transactions`;
/*!40101 SET @saved_cs_client     = @@character_set_client */;
/*!40101 SET character_set_client = utf8 */;
CREATE TABLE `transactions` (
  `transactions_id` bigint(20) NOT NULL,
  `award` varchar(255) DEFAULT NULL,
  `balance` double NOT NULL,
  `date_time` varchar(255) DEFAULT NULL,
  `favorite` varchar(255) DEFAULT NULL,
  `movie_id` int(11) NOT NULL,
  `patron_id` int(11) NOT NULL,
  `ticket` int(11) NOT NULL,
  PRIMARY KEY (`transactions_id`)
) ENGINE=MyISAM AUTO_INCREMENT=457 DEFAULT CHARSET=utf8;
/*!40101 SET character_set_client = @saved_cs_client */;

--
-- Dumping data for table `transactions`
--

LOCK TABLES `transactions` WRITE;
/*!40000 ALTER TABLE `transactions` DISABLE KEYS */;
INSERT INTO `transactions` VALUES (181,'CHENNAI',-10,'07/4/2018  09:55:30','MUMBAI',1,1,10),(191,'CHENNAI',15.714285714285714,'07/4/2018  08:13:25','CHENNAI',1,51,20),(171,'PUNJAB',-10,'07/4/2018  07:26:31','DELHI',11,11,10),(161,'CHENNAI',3.9285714285714284,'07/4/2018  07:23:17','CHENNAI',1,11,5),(151,'CHENNAI',-10,'07/4/2018  06:43:35','MUMBAI',1,21,10),(141,'CHENNAI',-20,'07/4/2018  06:41:44','MUMBAI',1,61,20),(131,'CHENNAI',-15,'07/4/2018  03:42:33','MUMBAI',1,71,15),(121,'CHENNAI',19.642857142857142,'07/4/2018  05:08:55','CHENNAI',1,41,25),(201,'CHENNAI',15.714285714285714,'07/4/2018  12:46:24','CHENNAI',1,91,20),(211,'PUNJAB',14.545454545454547,'08/4/2018  02:43:25','PUNJAB',11,41,20),(221,'KOLKATA',-25,'08/4/2018  02:44:19','BANGALORE',21,41,25),(231,'KOLKATA',5.555555555555555,'08/4/2018  02:54:37','KOLKATA',21,11,5),(241,'PUNJAB',-10,'08/4/2018  09:36:21','DELHI',11,71,10),(251,'KOLKATA',11.11111111111111,'08/4/2018  07:35:09','KOLKATA',21,71,10),(261,'PUNJAB',-10,'08/4/2018  06:04:33','DELHI',11,21,10),(271,'KOLKATA',11.11111111111111,'08/4/2018  06:05:45','KOLKATA',21,21,10),(281,'PUNJAB',-5,'08/4/2018  09:13:14','DELHI',11,51,5),(291,'KOLKATA',-5,'08/4/2018  06:14:43','BANGALORE',21,51,5),(301,'PUNJAB',10.90909090909091,'08/4/2018  06:38:02','PUNJAB',11,61,15),(311,'KOLKATA',16.666666666666668,'08/4/2018  06:38:46','KOLKATA',21,61,15),(321,'PUNJAB',7.272727272727273,'08/4/2018  07:29:56','PUNJAB',11,1,10),(331,'KOLKATA',-10,'08/4/2018  07:31:40','BANGALORE',21,1,10),(341,'PUNJAB',7.272727272727273,'08/4/2018  07:32:25','PUNJAB',11,31,10),(351,'KOLKATA',-10,'08/4/2018  07:33:29','BANGALORE',21,31,10),(361,'PUNJAB',-5,'08/4/2018  08:35:27','DELHI',11,91,5),(371,'KOLKATA',5.555555555555555,'08/4/2018  08:36:08','KOLKATA',21,91,5),(381,'HYDERABAD',-15,'09/4/2018  10:22:38','RAJASTHAN',31,61,15),(391,'HYDERABAD',9.399999999999999,'09/4/2018  04:32:54','HYDERABAD',31,11,20),(1,'HYDERABAD',9.399999999999999,'09/4/2018  05:30:55','HYDERABAD',31,41,20),(2,'HYDERABAD',-10,'09/4/2018  01:02:48','RAJASTHAN',31,71,10),(3,'HYDERABAD',-10,'09/4/2018  08:49:13','RAJASTHAN',31,1,10),(4,'HYDERABAD',4.699999999999999,'09/4/2018  08:49:46','HYDERABAD',31,21,10),(5,'HYDERABAD',2.3499999999999996,'09/4/2018  08:50:06','HYDERABAD',31,31,5),(6,'HYDERABAD',4.699999999999999,'09/4/2018  08:50:36','HYDERABAD',31,51,10),(7,'HYDERABAD',4.699999999999999,'09/4/2018  08:51:01','HYDERABAD',31,91,10),(358,'CHENNAI',-10,'10/4/2018  12:32:48','KOLKATA',41,91,10),(357,'CHENNAI',18.400000000000002,'10/4/2018  12:33:10','CHENNAI',41,1,20),(356,'CHENNAI',-20,'10/4/2018  12:20:36','KOLKATA',41,21,20),(355,'CHENNAI',-10,'10/4/2018  01:57:56','KOLKATA',41,61,10),(354,'CHENNAI',-10,'10/4/2018  01:17:10','KOLKATA',41,11,10),(353,'CHENNAI',23,'10/4/2018  07:41:23','CHENNAI',41,41,25),(352,'HYDERABAD',-20,'11/4/2018  11:27:56','MUMBAI',61,71,20),(256,'RAJASTHAN',-15,'11/4/2018  01:40:29','DELHI',51,71,15),(255,'CHENNAI',4.6000000000000005,'10/4/2018  12:26:42','CHENNAI',41,71,5),(359,'CHENNAI',9.200000000000001,'10/4/2018  01:59:49','CHENNAI',41,51,10),(360,'CHENNAI',-5,'10/4/2018  01:58:12','KOLKATA',41,31,5),(362,'PUNJAB',39.300000000000004,'15/4/2018  08:31:21','PUNJAB',101,71,30),(452,'RAJASTHAN',11.799999999999999,'11/4/2018  01:24:48','RAJASTHAN',51,61,10),(453,'RAJASTHAN',23.599999999999998,'11/4/2018  01:35:33','RAJASTHAN',51,51,20),(454,'RAJASTHAN',-20,'11/4/2018  04:34:48','DELHI',51,41,20),(455,'RAJASTHAN',23.599999999999998,'11/4/2018  10:46:33','RAJASTHAN',51,11,20),(456,'RAJASTHAN',-20,'11/4/2018  11:01:16','DELHI',51,91,20),(902,'KOLKATA',90,'18/4/2018  08:50:27','KOLKATA',131,71,100),(458,'RAJASTHAN',-10,'11/4/2018  01:07:33','DELHI',51,21,10),(459,'RAJASTHAN',5.8999999999999995,'11/4/2018  01:42:00','RAJASTHAN',51,31,5),(552,'HYDERABAD',-25,'12/4/2018  12:38:00','MUMBAI',61,41,25),(553,'HYDERABAD',20,'12/4/2018  12:38:28','HYDERABAD',61,11,20),(554,'HYDERABAD',-10,'12/4/2018  01:46:57','MUMBAI',61,51,10),(555,'HYDERABAD',-10,'12/4/2018  10:46:10','MUMBAI',61,91,10),(556,'HYDERABAD',5,'12/4/2018  11:20:17','HYDERABAD',61,31,5),(557,'HYDERABAD',50,'12/4/2018  11:26:44','HYDERABAD',61,1,50),(558,'HYDERABAD',-15,'12/4/2018  01:45:20','MUMBAI',61,61,15),(559,'HYDERABAD',5,'12/4/2018  11:41:05','HYDERABAD',61,21,5),(560,'BANGALORE',34,'12/4/2018  11:58:17','BANGALORE',71,51,50),(652,'BANGALORE',-25,'13/4/2018  01:58:34','PUNJAB',71,11,25),(653,'BANGALORE',13.600000000000001,'13/4/2018  02:26:25','BANGALORE',71,41,20),(654,'BANGALORE',-15,'13/4/2018  01:25:30','PUNJAB',71,71,15),(655,'BANGALORE',-15,'13/4/2018  01:50:52','PUNJAB',71,61,15),(656,'BANGALORE',-20,'13/4/2018  01:57:40','PUNJAB',71,21,20),(657,'BANGALORE',-10,'13/4/2018  12:50:40','PUNJAB',71,1,10),(658,'BANGALORE',34,'13/4/2018  01:50:53','BANGALORE',71,31,50),(659,'BANGALORE',3.4000000000000004,'13/4/2018  02:00:00','BANGALORE',71,91,5),(702,'DELHI',-50,'13/4/2018  09:21:40','MUMBAI',81,71,50),(703,'HYDERABAD',42.599999999999994,'13/4/2018  09:22:04','HYDERABAD',91,71,30),(704,'DELHI',-30,'14/4/2018  12:26:11','MUMBAI',81,41,30),(705,'HYDERABAD',-20,'14/4/2018  12:27:00','KOLKATA',91,41,20),(706,'DELHI',37.5,'14/4/2018  07:50:05','DELHI',81,11,25),(707,'HYDERABAD',28.4,'14/4/2018  07:50:44','HYDERABAD',91,11,20),(708,'DELHI',15,'14/4/2018  09:47:33','DELHI',81,51,10),(709,'HYDERABAD',-20,'14/4/2018  01:53:54','KOLKATA',91,51,20),(710,'DELHI',30,'14/4/2018  11:48:39','DELHI',81,61,20),(711,'HYDERABAD',-15,'14/4/2018  11:49:26','KOLKATA',91,61,15),(712,'DELHI',-10,'14/4/2018  01:32:01','MUMBAI',81,21,10),(713,'HYDERABAD',14.2,'14/4/2018  01:32:39','HYDERABAD',91,21,10),(714,'DELHI',22.5,'14/4/2018  01:38:01','DELHI',81,1,15),(715,'HYDERABAD',-20,'14/4/2018  01:35:07','KOLKATA',91,1,20),(716,'DELHI',-5,'14/4/2018  01:46:43','MUMBAI',81,31,5),(717,'DELHI',-10,'14/4/2018  01:45:32','MUMBAI',81,91,10),(718,'HYDERABAD',-5,'14/4/2018  01:47:39','KOLKATA',91,31,5),(719,'HYDERABAD',-5,'14/4/2018  02:00:00','KOLKATA',91,91,5),(720,'PUNJAB',26.200000000000003,'15/4/2018  12:51:58','PUNJAB',101,11,20),(721,'PUNJAB',-20,'15/4/2018  01:25:19','CHENNAI',101,41,20),(802,'RAJASTHAN',-40,'15/4/2018  08:30:47','BANGALORE',532,71,40),(803,'RAJASTHAN',-20,'15/4/2018  09:00:56','BANGALORE',532,41,20),(804,'PUNJAB',-15,'15/4/2018  12:43:39','CHENNAI',101,61,15),(805,'RAJASTHAN',30,'15/4/2018  09:12:04','RAJASTHAN',532,61,15),(806,'PUNJAB',-20,'15/4/2018  09:32:49','CHENNAI',101,51,20),(807,'RAJASTHAN',-20,'15/4/2018  09:33:44','BANGALORE',532,51,20),(808,'PUNJAB',13.100000000000001,'15/4/2018  10:57:39','PUNJAB',101,1,10),(809,'RAJASTHAN',40,'15/4/2018  10:59:25','RAJASTHAN',532,1,20),(810,'RAJASTHAN',40,'15/4/2018  11:06:37','RAJASTHAN',532,11,20),(811,'PUNJAB',-10,'15/4/2018  12:05:39','CHENNAI',101,91,10),(812,'RAJASTHAN',10,'15/4/2018  12:07:04','RAJASTHAN',532,91,5),(813,'PUNJAB',6.550000000000001,'15/4/2018  01:52:49','PUNJAB',101,31,5),(814,'PUNJAB',-20,'15/4/2018  01:55:59','CHENNAI',101,21,20),(815,'RAJASTHAN',10,'15/4/2018  01:58:27','RAJASTHAN',532,31,5),(816,'RAJASTHAN',-50,'15/4/2018  01:56:17','BANGALORE',532,21,50),(817,'KOLKATA',-15,'16/4/2018  01:59:59','DELHI',111,61,15),(818,'KOLKATA',17.4,'16/4/2018  06:08:49','KOLKATA',111,41,20),(819,'KOLKATA',43.5,'16/4/2018  01:56:19','KOLKATA',111,11,50),(820,'KOLKATA',26.1,'16/4/2018  01:58:49','KOLKATA',111,71,30),(821,'KOLKATA',-15,'16/4/2018  11:52:50','DELHI',111,1,15),(822,'KOLKATA',-20,'16/4/2018  01:27:40','DELHI',111,51,20),(823,'KOLKATA',-50,'16/4/2018  01:54:48','DELHI',111,21,50),(824,'KOLKATA',4.35,'16/4/2018  01:56:49','KOLKATA',111,31,5),(825,'KOLKATA',8.7,'16/4/2018  01:58:26','KOLKATA',111,91,10),(826,'MUMBAI',-30,'17/4/2018  12:09:30','BANGALORE',121,11,30),(827,'MUMBAI',18.75,'17/4/2018  02:43:37','MUMBAI',121,41,25),(828,'MUMBAI',-30,'17/4/2018  01:59:44','BANGALORE',121,71,30),(829,'MUMBAI',30,'17/4/2018  09:38:28','MUMBAI',121,1,40),(830,'MUMBAI',37.5,'17/4/2018  09:45:58','MUMBAI',121,51,50),(831,'MUMBAI',-30,'17/4/2018  01:59:59','BANGALORE',121,21,30),(832,'MUMBAI',15,'17/4/2018  11:45:25','MUMBAI',121,91,20),(833,'MUMBAI',-15,'17/4/2018  01:18:41','BANGALORE',121,61,15),(834,'MUMBAI',3.75,'17/4/2018  02:00:00','MUMBAI',121,31,5),(903,'KOLKATA',-50,'18/4/2018  09:36:16','RAJASTHAN',131,51,50),(904,'KOLKATA',-10,'18/4/2018  02:55:51','RAJASTHAN',131,41,10),(905,'KOLKATA',-10,'18/4/2018  03:04:58','RAJASTHAN',131,11,10),(906,'KOLKATA',27,'18/4/2018  07:22:56','KOLKATA',131,21,30),(907,'KOLKATA',-30,'18/4/2018  10:13:24','RAJASTHAN',131,61,30),(908,'KOLKATA',18,'18/4/2018  10:59:18','KOLKATA',131,91,20),(909,'KOLKATA',-40,'18/4/2018  01:40:58','RAJASTHAN',131,1,40),(910,'KOLKATA',4.5,'18/4/2018  01:59:01','KOLKATA',131,31,5),(911,'PUNJAB',3.35,'18/4/2018  03:19:50','PUNJAB',141,92,5),(912,'PUNJAB',-40,'18/4/2018  11:42:05','HYDERABAD',141,71,40),(913,'PUNJAB',33.5,'18/4/2018  11:59:28','PUNJAB',141,51,50),(1002,'PUNJAB',-20,'19/4/2018  03:47:12','HYDERABAD',141,41,20),(1052,'PUNJAB',-10,'19/4/2018  09:43:01','HYDERABAD',141,11,10),(1053,'PUNJAB',20.1,'19/4/2018  10:22:42','PUNJAB',141,61,30),(1054,'PUNJAB',3.35,'19/4/2018  02:00:00','PUNJAB',141,1,5),(1055,'PUNJAB',3.35,'19/4/2018  02:00:00','PUNJAB',141,21,5),(1056,'PUNJAB',3.35,'19/4/2018  02:00:00','PUNJAB',141,31,5),(1057,'PUNJAB',3.35,'19/4/2018  02:00:00','PUNJAB',141,91,5),(1058,'CHENNAI',-20,'20/4/2018  01:16:40','RAJASTHAN',151,11,20),(1059,'CHENNAI',-10,'20/4/2018  12:11:27','RAJASTHAN',151,1,10),(1060,'CHENNAI',38,'20/4/2018  12:57:43','CHENNAI',151,21,40),(1061,'CHENNAI',23.75,'20/4/2018  09:14:12','CHENNAI',151,41,25),(1062,'CHENNAI',-50,'20/4/2018  09:59:06','RAJASTHAN',151,51,50),(1063,'CHENNAI',9.5,'20/4/2018  11:57:57','CHENNAI',151,71,10),(1064,'CHENNAI',-10,'20/4/2018  10:02:52','RAJASTHAN',151,91,10),(1065,'CHENNAI',-5,'20/4/2018  01:08:34','RAJASTHAN',151,92,5),(1066,'CHENNAI',19,'20/4/2018  01:15:23','CHENNAI',151,61,20),(1067,'CHENNAI',4.75,'20/4/2018  02:00:00','CHENNAI',151,31,5),(1068,'PUNJAB',35.4,'21/4/2018  09:08:57','PUNJAB',161,11,30),(1069,'BANGALORE',-20,'21/4/2018  09:10:41','DELHI',171,11,20),(1070,'PUNJAB',-25,'20/4/2018  11:55:25','KOLKATA',161,41,25),(1071,'BANGALORE',28.749999999999996,'20/4/2018  11:56:07','BANGALORE',171,41,25),(1072,'PUNJAB',17.7,'21/4/2018  09:10:31','PUNJAB',161,61,15),(1073,'BANGALORE',-20,'21/4/2018  12:35:02','DELHI',171,61,20),(1152,'PUNJAB',-60,'21/4/2018  12:35:23','KOLKATA',161,21,60),(1153,'BANGALORE',23,'21/4/2018  01:07:36','BANGALORE',171,21,20),(1154,'PUNJAB',11.799999999999999,'21/4/2018  01:58:34','PUNJAB',161,71,10),(1155,'BANGALORE',-5,'21/4/2018  01:57:28','DELHI',171,71,5),(1156,'PUNJAB',29.5,'21/4/2018  11:44:02','PUNJAB',161,1,25),(1157,'BANGALORE',17.25,'21/4/2018  11:45:00','BANGALORE',171,1,15),(1158,'BANGALORE',-20,'21/4/2018  12:34:23','DELHI',171,91,20),(1159,'PUNJAB',5.8999999999999995,'21/4/2018  12:34:59','PUNJAB',161,91,5),(1160,'PUNJAB',-5,'21/4/2018  01:40:40','KOLKATA',161,92,5),(1161,'BANGALORE',5.75,'21/4/2018  01:41:04','BANGALORE',171,92,5),(1162,'PUNJAB',-5,'21/4/2018  02:00:00','KOLKATA',161,31,5),(1163,'PUNJAB',-5,'21/4/2018  02:00:00','KOLKATA',161,51,5),(1164,'BANGALORE',-5,'21/4/2018  02:00:00','DELHI',171,31,5),(1165,'BANGALORE',-5,'21/4/2018  02:00:00','DELHI',171,51,5),(1166,'CHENNAI',17.6,'22/4/2018  12:53:20','CHENNAI',181,71,20),(1167,'CHENNAI',-20,'22/4/2018  08:39:10','HYDERABAD',181,11,20),(1168,'RAJASTHAN',-10,'22/4/2018  08:34:05','MUMBAI',191,71,10),(1169,'RAJASTHAN',9.399999999999999,'22/4/2018  08:39:36','RAJASTHAN',191,11,10),(1170,'CHENNAI',-25,'22/4/2018  08:53:42','HYDERABAD',181,1,25),(1171,'CHENNAI',22,'22/4/2018  08:54:00','CHENNAI',181,41,25),(1172,'RAJASTHAN',-20,'22/4/2018  08:54:31','MUMBAI',191,41,20),(1173,'RAJASTHAN',23.5,'22/4/2018  08:56:02','RAJASTHAN',191,1,25),(1174,'CHENNAI',13.2,'22/4/2018  12:24:03','CHENNAI',181,61,15),(1175,'RAJASTHAN',14.1,'22/4/2018  12:22:50','RAJASTHAN',191,61,15),(1176,'CHENNAI',17.6,'22/4/2018  01:56:54','CHENNAI',181,21,20),(1177,'RAJASTHAN',-50,'22/4/2018  01:34:57','MUMBAI',191,21,50),(1178,'CHENNAI',4.4,'22/4/2018  12:46:14','CHENNAI',181,92,5),(1179,'RAJASTHAN',4.699999999999999,'22/4/2018  12:46:36','RAJASTHAN',191,92,5),(1180,'CHENNAI',-20,'22/4/2018  12:52:02','HYDERABAD',181,51,20),(1181,'RAJASTHAN',18.799999999999997,'22/4/2018  12:52:16','RAJASTHAN',191,51,20),(1182,'CHENNAI',-5,'22/4/2018  02:00:00','HYDERABAD',181,31,5),(1183,'CHENNAI',-5,'22/4/2018  02:00:00','HYDERABAD',181,91,5),(1184,'RAJASTHAN',4.699999999999999,'22/4/2018  02:00:00','RAJASTHAN',191,31,5),(1185,'RAJASTHAN',4.699999999999999,'22/4/2018  02:00:00','RAJASTHAN',191,91,5),(1186,'PUNJAB',54,'22/4/2018  11:37:15','PUNJAB',201,71,100),(1187,'PUNJAB',-15,'23/4/2018  12:09:59','DELHI',201,61,15),(1188,'PUNJAB',-5,'23/4/2018  07:19:57','DELHI',201,41,5),(1189,'PUNJAB',-50,'23/4/2018  01:59:09','DELHI',201,51,50),(1190,'PUNJAB',21.6,'23/4/2018  08:01:22','PUNJAB',201,11,40),(1191,'PUNJAB',10.8,'23/4/2018  01:55:54','PUNJAB',201,21,20),(1192,'PUNJAB',2.7,'23/4/2018  11:43:10','PUNJAB',201,92,5),(1193,'PUNJAB',-25,'23/4/2018  01:19:11','DELHI',201,1,25),(1194,'PUNJAB',2.7,'23/4/2018  02:00:00','PUNJAB',201,31,5),(1195,'PUNJAB',2.7,'23/4/2018  02:00:00','PUNJAB',201,91,5),(1196,'HYDERABAD',-50,'24/4/2018  01:59:26','MUMBAI',211,21,50),(1197,'HYDERABAD',-30,'24/4/2018  08:53:48','MUMBAI',211,71,30),(1198,'HYDERABAD',33.9,'24/4/2018  01:54:09','HYDERABAD',211,1,30),(1199,'HYDERABAD',-20,'24/4/2018  09:56:37','MUMBAI',211,41,20),(1200,'HYDERABAD',45.199999999999996,'24/4/2018  12:36:49','HYDERABAD',211,11,40),(1201,'HYDERABAD',-20,'24/4/2018  12:33:31','MUMBAI',211,61,20),(1252,'HYDERABAD',-5,'24/4/2018  11:25:50','MUMBAI',211,92,5),(1253,'HYDERABAD',56.49999999999999,'24/4/2018  12:43:06','HYDERABAD',211,51,50),(1254,'HYDERABAD',-5,'24/4/2018  02:00:00','MUMBAI',211,31,5),(1255,'HYDERABAD',-5,'24/4/2018  02:00:00','MUMBAI',211,91,5),(1256,'CHENNAI',-55,'25/4/2018  01:21:22','BANGALORE',221,51,55),(1257,'HYDERABAD',95,'26/4/2018  01:05:26','HYDERABAD',231,51,100),(1258,'DELHI',140,'27/4/2018  11:49:44','DELHI',241,51,100),(1259,'MUMBAI',-100,'24/4/2018  05:51:50','CHENNAI',251,51,100),(1260,'CHENNAI',18.400000000000002,'25/4/2018  01:15:05','CHENNAI',221,11,20),(1261,'CHENNAI',-25,'25/4/2018  01:47:06','BANGALORE',221,21,25),(1262,'HYDERABAD',-20,'24/4/2018  09:00:16','PUNJAB',231,21,20),(1302,'CHENNAI',-25,'25/4/2018  07:21:52','BANGALORE',221,41,25),(1303,'CHENNAI',55.2,'25/4/2018  01:59:30','CHENNAI',221,1,60),(1304,'CHENNAI',23,'25/4/2018  11:55:40','CHENNAI',221,91,25),(1305,'CHENNAI',4.6000000000000005,'25/4/2018  12:26:16','CHENNAI',221,92,5),(1306,'CHENNAI',13.8,'25/4/2018  01:26:01','CHENNAI',221,61,15),(1307,'CHENNAI',-5,'25/4/2018  02:00:00','BANGALORE',221,31,5),(1308,'CHENNAI',-5,'25/4/2018  02:00:00','BANGALORE',221,71,5),(1309,'HYDERABAD',-80,'25/4/2018  11:59:48','PUNJAB',231,1,80),(1310,'HYDERABAD',23.75,'26/4/2018  06:42:02','HYDERABAD',231,41,25),(1311,'HYDERABAD',-20,'26/4/2018  12:50:44','PUNJAB',231,61,20),(1312,'HYDERABAD',47.5,'26/4/2018  01:44:07','HYDERABAD',231,11,50),(1313,'HYDERABAD',-65,'26/4/2018  01:59:50','PUNJAB',231,71,65),(1314,'HYDERABAD',4.75,'26/4/2018  11:59:46','HYDERABAD',231,92,5),(1315,'HYDERABAD',9.5,'26/4/2018  12:50:38','HYDERABAD',231,91,10),(1316,'HYDERABAD',4.75,'26/4/2018  02:00:00','HYDERABAD',231,31,5),(1317,'DELHI',56,'27/4/2018  01:47:03','DELHI',241,71,40),(1318,'DELHI',-100,'26/4/2018  11:35:21','KOLKATA',241,11,100),(1319,'DELHI',-100,'27/4/2018  08:27:13','KOLKATA',241,21,100),(1320,'DELHI',-20,'27/4/2018  12:10:55','KOLKATA',241,1,20),(1321,'DELHI',7,'27/4/2018  11:46:47','DELHI',241,31,5),(1322,'DELHI',35,'27/4/2018  07:21:29','DELHI',241,41,25),(1323,'DELHI',-20,'27/4/2018  11:17:33','KOLKATA',241,91,20),(1324,'DELHI',-5,'27/4/2018  11:44:30','KOLKATA',241,92,5),(1325,'DELHI',7,'27/4/2018  02:00:00','DELHI',241,61,5),(1326,'MUMBAI',55.50000000000001,'27/4/2018  11:31:25','MUMBAI',251,61,50),(1327,'MUMBAI',22.200000000000003,'28/4/2018  03:54:19','MUMBAI',251,11,20),(1328,'MUMBAI',33.300000000000004,'28/4/2018  09:08:40','MUMBAI',251,41,30),(1329,'MUMBAI',5.550000000000001,'28/4/2018  12:58:49','MUMBAI',251,71,5),(1330,'MUMBAI',-5,'28/4/2018  11:27:42','CHENNAI',251,92,5),(1331,'MUMBAI',-25,'28/4/2018  01:19:23','CHENNAI',251,91,25),(1332,'MUMBAI',-20,'28/4/2018  01:44:40','CHENNAI',251,1,20),(1333,'MUMBAI',38.85,'28/4/2018  01:55:20','MUMBAI',251,21,35),(1334,'MUMBAI',-5,'28/4/2018  02:00:00','CHENNAI',251,31,5),(1335,'HYDERABAD',36.9,'29/4/2018  10:13:00','HYDERABAD',261,11,30),(1336,'KOLKATA',16.1,'28/4/2018  11:20:30','KOLKATA',271,11,10),(1337,'HYDERABAD',-30,'28/4/2018  11:47:38','RAJASTHAN',261,61,30),(1338,'HYDERABAD',123,'28/4/2018  11:47:56','HYDERABAD',261,71,100),(1339,'KOLKATA',48.3,'28/4/2018  11:48:46','KOLKATA',271,61,30),(1340,'KOLKATA',-100,'29/4/2018  11:32:05','BANGALORE',271,71,100),(1341,'HYDERABAD',-25,'29/4/2018  05:10:08','RAJASTHAN',261,41,25),(1342,'KOLKATA',40.25,'29/4/2018  05:11:18','KOLKATA',271,41,25),(1343,'HYDERABAD',-50,'29/4/2018  10:39:58','RAJASTHAN',261,1,50),(1344,'KOLKATA',-25,'29/4/2018  10:40:33','BANGALORE',271,1,25),(1345,'HYDERABAD',-5,'29/4/2018  01:27:05','RAJASTHAN',261,92,5),(1346,'KOLKATA',-5,'29/4/2018  01:27:21','BANGALORE',271,92,5),(1347,'HYDERABAD',-35,'29/4/2018  01:56:35','RAJASTHAN',261,21,35),(1348,'KOLKATA',40.25,'29/4/2018  01:57:23','KOLKATA',271,21,25),(1558,'KOLKATA',5.15,'03/5/2018  02:00:00','KOLKATA',311,31,5),(1350,'HYDERABAD',-5,'29/4/2018  02:00:00','RAJASTHAN',261,31,5),(1351,'HYDERABAD',-5,'29/4/2018  02:00:00','RAJASTHAN',261,51,5),(1402,'HYDERABAD',-5,'29/4/2018  02:00:00','RAJASTHAN',261,91,5),(1405,'KOLKATA',-5,'29/4/2018  02:00:00','BANGALORE',271,31,5),(1406,'KOLKATA',-5,'29/4/2018  02:00:00','BANGALORE',271,51,5),(1407,'KOLKATA',-5,'29/4/2018  02:00:01','BANGALORE',271,91,5),(1409,'CHENNAI',17.8,'30/4/2018  01:04:25','CHENNAI',281,11,20),(1410,'CHENNAI',-20,'30/4/2018  07:04:57','DELHI',281,21,20),(1411,'CHENNAI',89,'30/4/2018  08:43:09','CHENNAI',281,71,100),(1412,'CHENNAI',-30,'30/4/2018  10:19:39','DELHI',281,61,30),(1413,'CHENNAI',-25,'30/4/2018  10:43:35','DELHI',281,41,25),(1414,'CHENNAI',4.45,'30/4/2018  11:40:57','CHENNAI',281,92,5),(1415,'CHENNAI',-50,'30/4/2018  01:41:53','DELHI',281,51,50),(1416,'CHENNAI',4.45,'30/4/2018  02:00:00','CHENNAI',281,1,5),(1417,'CHENNAI',4.45,'30/4/2018  02:00:00','CHENNAI',281,31,5),(1418,'CHENNAI',4.45,'30/4/2018  02:00:00','CHENNAI',281,91,5),(1419,'BANGALORE',-20,'01/5/2018  03:01:52','MUMBAI',291,71,20),(1420,'BANGALORE',-30,'01/5/2018  06:16:31','MUMBAI',291,61,30),(1421,'BANGALORE',79,'01/5/2018  06:19:21','BANGALORE',291,21,100),(1422,'BANGALORE',-20,'01/5/2018  08:15:57','MUMBAI',291,11,20),(1423,'BANGALORE',19.75,'01/5/2018  08:25:41','BANGALORE',291,41,25),(1452,'BANGALORE',3.95,'01/5/2018  12:19:54','BANGALORE',291,92,5),(1453,'BANGALORE',-80,'01/5/2018  01:10:49','MUMBAI',291,1,80),(1454,'BANGALORE',39.5,'01/5/2018  01:58:12','BANGALORE',291,31,50),(1455,'BANGALORE',3.95,'01/5/2018  02:00:00','BANGALORE',291,51,5),(1456,'BANGALORE',3.95,'01/5/2018  02:00:00','BANGALORE',291,91,5),(1457,'DELHI',28.35,'02/5/2018  05:43:08','DELHI',301,21,35),(1458,'DELHI',-100,'02/5/2018  08:51:47','RAJASTHAN',301,1,100),(1459,'DELHI',32.400000000000006,'02/5/2018  09:30:48','DELHI',301,71,40),(1460,'DELHI',-20,'02/5/2018  09:40:29','RAJASTHAN',301,41,20),(1461,'DELHI',81,'02/5/2018  01:48:21','DELHI',301,51,100),(1462,'KOLKATA',103,'03/5/2018  01:43:55','KOLKATA',311,51,100),(1463,'MUMBAI',-100,'04/5/2018  09:08:50','PUNJAB',321,51,100),(1464,'CHENNAI',-20,'05/5/2018  01:25:43','BANGALORE',331,51,20),(1465,'HYDERABAD',-50,'05/5/2018  01:31:35','DELHI',341,51,50),(1466,'DELHI',4.050000000000001,'02/5/2018  11:39:48','DELHI',301,92,5),(1467,'DELHI',16.200000000000003,'02/5/2018  01:26:25','DELHI',301,11,20),(1468,'DELHI',-50,'02/5/2018  01:26:55','RAJASTHAN',301,61,50),(1469,'DELHI',4.050000000000001,'02/5/2018  02:00:00','DELHI',301,31,5),(1470,'DELHI',4.050000000000001,'02/5/2018  02:00:00','DELHI',301,91,5),(1552,'KOLKATA',-100,'03/5/2018  01:13:32','CHENNAI',311,21,100),(1553,'KOLKATA',-50,'03/5/2018  12:10:05','CHENNAI',311,11,50),(1554,'KOLKATA',51.5,'03/5/2018  12:04:39','KOLKATA',311,1,50),(1555,'KOLKATA',-40,'03/5/2018  09:03:27','CHENNAI',311,71,40),(1556,'KOLKATA',25.75,'03/5/2018  09:50:00','KOLKATA',311,41,25),(1557,'KOLKATA',-5,'03/5/2018  11:47:00','CHENNAI',311,92,5),(1559,'KOLKATA',5.15,'03/5/2018  02:00:00','KOLKATA',311,61,5),(1560,'KOLKATA',5.15,'03/5/2018  02:00:00','KOLKATA',311,91,5),(1561,'MUMBAI',-20,'03/5/2018  07:47:43','PUNJAB',321,11,20),(1602,'MUMBAI',46.5,'03/5/2018  10:56:11','MUMBAI',321,61,50),(1603,'MUMBAI',23.25,'04/5/2018  04:09:57','MUMBAI',321,41,25),(1604,'MUMBAI',-20,'04/5/2018  07:43:51','PUNJAB',321,91,20),(1605,'MUMBAI',69.75,'04/5/2018  08:10:49','MUMBAI',321,1,75),(1606,'MUMBAI',-60,'04/5/2018  01:54:38','PUNJAB',321,71,60),(1652,'MUMBAI',69.75,'04/5/2018  11:13:47','MUMBAI',321,21,75),(1653,'MUMBAI',-5,'04/5/2018  02:00:00','PUNJAB',321,31,5),(1654,'MUMBAI',-5,'04/5/2018  02:00:00','PUNJAB',321,92,5),(1655,'CHENNAI',61,'05/5/2018  03:26:28','CHENNAI',331,71,100),(1656,'HYDERABAD',68,'05/5/2018  03:26:45','HYDERABAD',341,71,100),(1657,'CHENNAI',12.2,'05/5/2018  08:07:03','CHENNAI',331,11,20),(1658,'HYDERABAD',34,'05/5/2018  08:07:25','HYDERABAD',341,11,50),(1659,'CHENNAI',-10,'05/5/2018  08:54:03','BANGALORE',331,41,10),(1660,'HYDERABAD',-10,'05/5/2018  08:55:39','DELHI',341,41,10),(1661,'CHENNAI',-30,'05/5/2018  09:32:33','BANGALORE',331,61,30),(1662,'HYDERABAD',-30,'05/5/2018  09:32:56','DELHI',341,61,30),(1663,'CHENNAI',-25,'05/5/2018  12:02:23','BANGALORE',331,21,25),(1664,'HYDERABAD',-25,'05/5/2018  12:02:45','DELHI',341,21,25),(1665,'CHENNAI',3.05,'05/5/2018  01:25:27','CHENNAI',331,92,5),(1666,'HYDERABAD',3.4000000000000004,'05/5/2018  01:25:41','HYDERABAD',341,92,5),(1667,'CHENNAI',3.05,'05/5/2018  02:00:00','CHENNAI',331,1,5),(1668,'CHENNAI',3.05,'05/5/2018  02:00:00','CHENNAI',331,31,5),(1669,'CHENNAI',3.05,'05/5/2018  02:00:00','CHENNAI',331,91,5),(1670,'HYDERABAD',3.4000000000000004,'05/5/2018  02:00:00','HYDERABAD',341,1,5),(1671,'HYDERABAD',3.4000000000000004,'05/5/2018  02:00:00','HYDERABAD',341,31,5),(1672,'HYDERABAD',3.4000000000000004,'05/5/2018  02:00:01','HYDERABAD',341,91,5),(1673,'MUMBAI',25,'05/5/2018  11:35:05','MUMBAI',351,61,50),(1674,'PUNJAB',35.5,'05/5/2018  11:35:17','PUNJAB',361,61,50),(1675,'MUMBAI',-30,'06/5/2018  01:51:17','KOLKATA',351,71,30),(1676,'MUMBAI',-20,'06/5/2018  03:15:45','KOLKATA',351,11,20),(1677,'PUNJAB',21.299999999999997,'06/5/2018  03:16:10','PUNJAB',361,11,30),(1678,'MUMBAI',-25,'06/5/2018  09:44:26','KOLKATA',351,41,25),(1679,'PUNJAB',-5,'06/5/2018  09:46:00','RAJASTHAN',361,41,5),(1680,'MUMBAI',25,'06/5/2018  11:13:03','MUMBAI',351,1,50),(1681,'PUNJAB',-50,'06/5/2018  11:13:40','RAJASTHAN',361,1,50),(1682,'MUMBAI',2.5,'06/5/2018  12:53:26','MUMBAI',351,92,5),(1683,'PUNJAB',3.55,'06/5/2018  12:53:36','PUNJAB',361,92,5),(1684,'MUMBAI',15,'06/5/2018  01:55:07','MUMBAI',351,51,30),(1685,'PUNJAB',14.2,'06/5/2018  01:21:02','PUNJAB',361,51,20),(1686,'PUNJAB',-30,'06/5/2018  01:48:49','RAJASTHAN',361,71,30),(1687,'MUMBAI',2.5,'06/5/2018  02:00:00','MUMBAI',351,21,5),(1688,'MUMBAI',2.5,'06/5/2018  02:00:00','MUMBAI',351,31,5),(1689,'MUMBAI',2.5,'06/5/2018  02:00:00','MUMBAI',351,91,5),(1690,'PUNJAB',3.55,'06/5/2018  02:00:00','PUNJAB',361,21,5),(1691,'PUNJAB',3.55,'06/5/2018  02:00:00','PUNJAB',361,31,5),(1692,'PUNJAB',3.55,'06/5/2018  02:00:00','PUNJAB',361,91,5),(1693,'HYDERABAD',31.200000000000003,'07/5/2018  10:49:10','HYDERABAD',371,61,40),(1694,'HYDERABAD',78,'06/5/2018  11:35:06','HYDERABAD',371,71,100),(1695,'HYDERABAD',15.600000000000001,'07/5/2018  07:15:21','HYDERABAD',371,11,20),(1696,'HYDERABAD',-10,'07/5/2018  08:42:41','BANGALORE',371,41,10),(1697,'HYDERABAD',-100,'07/5/2018  10:10:25','BANGALORE',371,51,100),(1752,'HYDERABAD',3.9000000000000004,'07/5/2018  10:38:48','HYDERABAD',371,92,5),(1753,'HYDERABAD',-100,'07/5/2018  12:48:21','BANGALORE',371,21,100),(1754,'HYDERABAD',39,'07/5/2018  01:49:37','HYDERABAD',371,91,50),(1755,'HYDERABAD',39,'07/5/2018  01:52:29','HYDERABAD',371,1,50),(1756,'HYDERABAD',3.9000000000000004,'07/5/2018  02:00:00','HYDERABAD',371,31,5),(1757,'RAJASTHAN',-25,'07/5/2018  08:27:51','PUNJAB',381,41,25),(1758,'MUMBAI',-25,'07/5/2018  08:28:14','KOLKATA',391,41,25),(1759,'HYDERABAD',23.75,'07/5/2018  08:28:45','HYDERABAD',401,41,25),(1760,'RAJASTHAN',9.3,'11/5/2018  09:17:27','RAJASTHAN',411,41,5),(1761,'RAJASTHAN',-100,'07/5/2018  11:26:13','PUNJAB',381,71,100),(1762,'RAJASTHAN',-100,'07/5/2018  11:41:47','PUNJAB',381,21,100),(1763,'MUMBAI',-100,'07/5/2018  11:42:04','KOLKATA',391,21,100),(1764,'RAJASTHAN',22.400000000000002,'08/5/2018  09:48:58','RAJASTHAN',381,11,20),(1765,'RAJASTHAN',28.000000000000004,'08/5/2018  01:23:10','RAJASTHAN',381,61,25),(1766,'RAJASTHAN',112.00000000000001,'08/5/2018  10:58:05','RAJASTHAN',381,51,100),(1767,'RAJASTHAN',56.00000000000001,'08/5/2018  11:59:51','RAJASTHAN',381,1,50),(1768,'RAJASTHAN',-5,'08/5/2018  12:26:04','PUNJAB',381,92,5),(1769,'RAJASTHAN',5.6000000000000005,'08/5/2018  02:00:00','RAJASTHAN',381,31,5),(1770,'RAJASTHAN',5.6000000000000005,'08/5/2018  02:00:00','RAJASTHAN',381,91,5),(1771,'MUMBAI',64.35,'09/5/2018  03:01:01','MUMBAI',391,11,45),(1772,'MUMBAI',71.5,'08/5/2018  11:50:09','MUMBAI',391,61,50),(1773,'MUMBAI',-75,'08/5/2018  11:09:19','KOLKATA',391,1,75),(1852,'MUMBAI',114.39999999999999,'09/5/2018  12:11:31','MUMBAI',391,71,80),(1853,'MUMBAI',-20,'09/5/2018  01:02:20','KOLKATA',391,51,20),(1854,'MUMBAI',-5,'09/5/2018  10:53:12','KOLKATA',391,92,5),(1855,'HYDERABAD',-50,'10/5/2018  01:13:53','DELHI',401,51,50),(1856,'MUMBAI',-20,'09/5/2018  11:48:45','KOLKATA',391,91,20),(1857,'MUMBAI',-5,'09/5/2018  02:00:00','KOLKATA',391,31,5),(1858,'HYDERABAD',-30,'09/5/2018  10:22:56','DELHI',401,71,30),(1859,'HYDERABAD',95,'10/5/2018  06:52:40','HYDERABAD',401,1,100),(1860,'HYDERABAD',42.75,'09/5/2018  11:16:05','HYDERABAD',401,11,45),(1861,'HYDERABAD',-95,'10/5/2018  07:04:09','DELHI',401,21,95),(1862,'HYDERABAD',28.5,'10/5/2018  07:31:40','HYDERABAD',401,61,30),(1863,'HYDERABAD',-5,'10/5/2018  12:40:38','DELHI',401,92,5),(1864,'HYDERABAD',-5,'10/5/2018  02:00:00','DELHI',401,31,5),(1865,'HYDERABAD',-5,'10/5/2018  02:00:00','DELHI',401,91,5),(1866,'RAJASTHAN',18.6,'11/5/2018  01:15:10','RAJASTHAN',411,71,10),(1867,'RAJASTHAN',-100,'10/5/2018  10:12:21','CHENNAI',411,1,100),(1868,'RAJASTHAN',83.7,'11/5/2018  09:45:11','RAJASTHAN',411,11,45),(1869,'RAJASTHAN',-100,'11/5/2018  01:59:20','CHENNAI',411,21,100),(1870,'RAJASTHAN',55.800000000000004,'11/5/2018  08:17:23','RAJASTHAN',411,61,30),(1871,'RAJASTHAN',-5,'11/5/2018  10:43:35','CHENNAI',411,92,5),(1872,'RAJASTHAN',18.6,'11/5/2018  01:41:14','RAJASTHAN',411,51,10),(1873,'RAJASTHAN',9.3,'11/5/2018  02:00:00','RAJASTHAN',411,31,5),(1874,'RAJASTHAN',9.3,'11/5/2018  02:00:00','RAJASTHAN',411,91,5),(1875,'KOLKATA',-20,'11/5/2018  11:46:40','PUNJAB',421,11,20),(1876,'BANGALORE',-20,'11/5/2018  11:46:51','DELHI',431,11,20),(1877,'KOLKATA',-100,'11/5/2018  11:56:47','PUNJAB',421,21,100),(1878,'BANGALORE',13.5,'12/5/2018  01:59:39','BANGALORE',431,21,25),(1879,'KOLKATA',117,'12/5/2018  12:05:43','KOLKATA',421,1,100),(1880,'BANGALORE',-50,'12/5/2018  12:06:28','DELHI',431,1,50),(1952,'KOLKATA',58.5,'12/5/2018  06:37:21','KOLKATA',421,41,50),(1953,'BANGALORE',27,'12/5/2018  06:37:42','BANGALORE',431,41,50),(1954,'KOLKATA',-30,'12/5/2018  01:59:10','PUNJAB',421,51,30),(1955,'BANGALORE',16.200000000000003,'12/5/2018  01:57:34','BANGALORE',431,51,30),(1956,'KOLKATA',-5,'12/5/2018  02:00:00','PUNJAB',421,31,5),(1957,'KOLKATA',-5,'12/5/2018  02:00:00','PUNJAB',421,61,5),(1958,'KOLKATA',-5,'12/5/2018  02:00:00','PUNJAB',421,71,5),(1959,'KOLKATA',-5,'12/5/2018  02:00:00','PUNJAB',421,91,5),(1960,'KOLKATA',-5,'12/5/2018  02:00:00','PUNJAB',421,92,5),(1961,'BANGALORE',2.7,'12/5/2018  02:00:00','BANGALORE',431,31,5),(1962,'BANGALORE',2.7,'12/5/2018  02:00:00','BANGALORE',431,61,5),(1963,'BANGALORE',2.7,'12/5/2018  02:00:00','BANGALORE',431,71,5),(1964,'BANGALORE',2.7,'12/5/2018  02:00:00','BANGALORE',431,91,5),(1965,'BANGALORE',2.7,'12/5/2018  02:00:01','BANGALORE',431,92,5),(1966,'RAJASTHAN',-100,'12/5/2018  11:40:17','MUMBAI',441,51,100),(1967,'BANGALORE',-100,'12/5/2018  11:41:04','PUNJAB',451,51,100),(1968,'KOLKATA',16.5,'15/5/2018  01:47:26','KOLKATA',461,51,50),(1969,'MUMBAI',69,'12/5/2018  11:42:50','MUMBAI',471,51,100),(1970,'BANGALORE',40,'17/5/2018  11:49:26','BANGALORE',481,51,100),(1971,'DELHI',-150,'18/5/2018  11:58:30','CHENNAI',491,51,150),(1972,'RAJASTHAN',153.8,'19/5/2018  01:35:27','RAJASTHAN',501,51,20),(1973,'RAJASTHAN',-50,'12/5/2018  11:45:11','MUMBAI',441,41,50),(1974,'RAJASTHAN',-30,'13/5/2018  12:11:18','MUMBAI',441,61,30),(1975,'RAJASTHAN',88.80000000000001,'13/5/2018  12:54:41','RAJASTHAN',441,11,20),(1976,'RAJASTHAN',22.200000000000003,'13/5/2018  06:31:03','RAJASTHAN',441,71,5),(1977,'RAJASTHAN',-5,'13/5/2018  12:37:29','MUMBAI',441,92,5),(1978,'RAJASTHAN',88.80000000000001,'13/5/2018  01:50:08','RAJASTHAN',441,21,20),(1979,'RAJASTHAN',-5,'13/5/2018  02:00:00','MUMBAI',441,1,5),(1980,'RAJASTHAN',-5,'13/5/2018  02:00:00','MUMBAI',441,31,5),(1981,'RAJASTHAN',-5,'13/5/2018  02:00:00','MUMBAI',441,91,5),(1982,'BANGALORE',-20,'13/5/2018  11:39:43','PUNJAB',451,11,20),(1983,'BANGALORE',-100,'13/5/2018  11:42:11','PUNJAB',451,1,100),(1984,'BANGALORE',159.5,'14/5/2018  01:59:19','BANGALORE',451,21,50),(1985,'BANGALORE',79.75,'14/5/2018  10:25:59','BANGALORE',451,41,25),(1986,'BANGALORE',15.95,'14/5/2018  12:48:07','BANGALORE',451,92,5),(1987,'BANGALORE',-20,'14/5/2018  01:27:16','PUNJAB',451,61,20),(1988,'BANGALORE',-5,'14/5/2018  02:00:00','PUNJAB',451,31,5),(1989,'BANGALORE',-5,'14/5/2018  02:00:00','PUNJAB',451,71,5),(1990,'BANGALORE',-5,'14/5/2018  02:00:00','PUNJAB',451,91,5),(2052,'CHENNAI',47,'14/5/2018  06:24:19','CHENNAI',522,71,100),(2053,'CHENNAI',23.5,'14/5/2018  06:28:41','CHENNAI',522,1,50),(2054,'CHENNAI',23.5,'14/5/2018  06:29:12','CHENNAI',522,21,50),(2055,'CHENNAI',-30,'14/5/2018  06:29:47','HYDERABAD',522,61,30),(2056,'CHENNAI',-45,'14/5/2018  06:30:24','HYDERABAD',522,11,45),(2057,'CHENNAI',-25,'14/5/2018  06:31:01','HYDERABAD',522,91,25),(2058,'CHENNAI',-10,'14/5/2018  06:31:33','HYDERABAD',522,51,10),(2059,'CHENNAI',11.75,'14/5/2018  06:32:03','CHENNAI',522,41,25),(2060,'CHENNAI',2.3499999999999996,'14/5/2018  06:32:33','CHENNAI',522,92,5),(2061,'CHENNAI',2.3499999999999996,'14/5/2018  06:34:18','CHENNAI',522,31,5),(2152,'KOLKATA',14.850000000000001,'15/5/2018  01:50:27','KOLKATA',461,1,45),(2153,'KOLKATA',-30,'15/5/2018  07:33:59','RAJASTHAN',461,61,30),(2154,'KOLKATA',16.5,'16/5/2018  11:02:39','KOLKATA',461,21,50),(2155,'KOLKATA',16.5,'15/5/2018  02:28:37','KOLKATA',461,41,50),(2156,'MUMBAI',-50,'15/5/2018  02:28:56','PUNJAB',471,41,50),(2157,'DELHI',-50,'18/5/2018  01:19:52','CHENNAI',491,41,50),(2202,'KOLKATA',3.3000000000000003,'15/5/2018  07:37:27','KOLKATA',461,71,10),(2203,'KOLKATA',-45,'15/5/2018  10:09:06','RAJASTHAN',461,11,45),(2204,'KOLKATA',1.6500000000000001,'15/5/2018  12:04:52','KOLKATA',461,92,5),(2205,'KOLKATA',3.3000000000000003,'15/5/2018  01:59:02','KOLKATA',461,91,10),(2206,'KOLKATA',1.6500000000000001,'15/5/2018  02:00:00','KOLKATA',461,31,5),(2207,'MUMBAI',69,'16/5/2018  01:43:03','MUMBAI',471,21,100),(2208,'MUMBAI',-100,'15/5/2018  11:34:54','PUNJAB',471,1,100),(2209,'MUMBAI',69,'15/5/2018  11:59:42','MUMBAI',471,71,100),(2252,'MUMBAI',-100,'16/5/2018  12:06:07','PUNJAB',471,11,100),(2253,'MUMBAI',6.8999999999999995,'16/5/2018  10:39:26','MUMBAI',471,91,10),(2254,'MUMBAI',3.4499999999999997,'16/5/2018  10:39:51','MUMBAI',471,92,5),(2255,'MUMBAI',27.599999999999998,'16/5/2018  11:24:40','MUMBAI',471,61,40),(2256,'MUMBAI',3.4499999999999997,'16/5/2018  02:00:00','MUMBAI',471,31,5),(2302,'BANGALORE',-50,'17/5/2018  12:33:21','HYDERABAD',481,71,50),(2303,'BANGALORE',-100,'17/5/2018  12:46:32','HYDERABAD',481,11,100),(2304,'BANGALORE',2,'16/5/2018  05:52:58','BANGALORE',481,92,5),(2305,'BANGALORE',40,'17/5/2018  12:09:48','BANGALORE',481,21,100),(2306,'BANGALORE',12,'17/5/2018  12:12:00','BANGALORE',481,61,30),(2307,'BANGALORE',20,'17/5/2018  12:26:15','BANGALORE',481,41,50),(2308,'BANGALORE',40,'17/5/2018  12:30:08','BANGALORE',481,1,100),(2309,'BANGALORE',-10,'17/5/2018  10:38:51','HYDERABAD',481,91,10),(2310,'BANGALORE',8,'17/5/2018  02:00:00','BANGALORE',481,31,20),(2352,'DELHI',33.6,'18/5/2018  10:24:53','DELHI',491,71,20),(2353,'DELHI',-80,'18/5/2018  12:24:05','CHENNAI',491,1,80),(2354,'DELHI',50.4,'17/5/2018  11:24:01','DELHI',491,61,30),(2355,'DELHI',84,'18/5/2018  10:17:10','DELHI',491,11,50),(2356,'DELHI',50.4,'18/5/2018  09:20:41','DELHI',491,21,30),(2357,'DELHI',-5,'18/5/2018  10:56:08','CHENNAI',491,92,5),(2358,'DELHI',33.6,'18/5/2018  02:00:00','DELHI',491,31,20),(2359,'DELHI',33.6,'18/5/2018  02:00:00','DELHI',491,91,20),(2360,'RAJASTHAN',-300,'19/5/2018  01:17:21','BANGALORE',501,71,300),(2361,'RAJASTHAN',307.6,'19/5/2018  09:37:16','RAJASTHAN',501,61,40),(2362,'RAJASTHAN',-150,'19/5/2018  01:40:30','BANGALORE',501,21,150),(2363,'RAJASTHAN',-20,'19/5/2018  12:29:56','BANGALORE',501,91,20),(2364,'RAJASTHAN',-20,'19/5/2018  10:50:44','BANGALORE',501,1,20),(2365,'RAJASTHAN',-100,'19/5/2018  03:49:21','BANGALORE',501,41,100),(2366,'RAJASTHAN',153.8,'19/5/2018  01:01:51','RAJASTHAN',501,11,20),(2367,'KOLKATA',313.5,'19/5/2018  01:37:08','KOLKATA',542,71,50),(2368,'KOLKATA',-100,'19/5/2018  08:55:51','HYDERABAD',542,41,100),(2369,'KOLKATA',-30,'19/5/2018  09:23:20','HYDERABAD',542,11,30),(2370,'KOLKATA',-40,'19/5/2018  09:37:50','HYDERABAD',542,61,40),(2371,'KOLKATA',-150,'19/5/2018  09:40:37','HYDERABAD',542,21,150),(2372,'KOLKATA',-80,'19/5/2018  10:50:58','HYDERABAD',542,1,80),(2373,'RAJASTHAN',-5,'19/5/2018  11:25:45','BANGALORE',501,92,5),(2374,'KOLKATA',31.349999999999998,'19/5/2018  11:25:52','KOLKATA',542,92,5),(2375,'KOLKATA',-20,'19/5/2018  12:43:15','HYDERABAD',542,91,20),(2376,'KOLKATA',-50,'19/5/2018  01:36:32','HYDERABAD',542,51,50),(2377,'RAJASTHAN',-20,'19/5/2018  02:00:00','BANGALORE',501,31,20),(2378,'KOLKATA',125.39999999999999,'19/5/2018  02:00:00','KOLKATA',542,31,20),(2379,'CHENNAI',78,'19/5/2018  08:45:18','CHENNAI',521,21,300),(2380,'DELHI',-300,'19/5/2018  08:45:29','MUMBAI',511,21,300),(2381,'DELHI',232.50000000000003,'20/5/2018  12:27:51','DELHI',511,1,50),(2382,'CHENNAI',-50,'20/5/2018  12:28:04','PUNJAB',521,1,50),(2383,'DELHI',-150,'19/5/2018  11:24:27','MUMBAI',511,71,150),(2384,'CHENNAI',13,'19/5/2018  11:24:41','CHENNAI',521,71,50),(2385,'DELHI',93,'19/5/2018  11:46:13','DELHI',511,11,20),(2386,'CHENNAI',-20,'19/5/2018  11:46:27','PUNJAB',521,11,20),(2387,'DELHI',-50,'19/5/2018  11:46:39','MUMBAI',511,61,50),(2388,'CHENNAI',13,'19/5/2018  11:46:51','CHENNAI',521,61,50),(2389,'DELHI',-100,'20/5/2018  06:56:10','MUMBAI',511,41,100),(2390,'CHENNAI',-50,'20/5/2018  06:56:56','PUNJAB',521,41,50),(2391,'DELHI',-5,'20/5/2018  01:42:33','MUMBAI',511,92,5),(2392,'CHENNAI',1.3,'20/5/2018  01:42:40','CHENNAI',521,92,5),(2393,'DELHI',93,'20/5/2018  02:00:00','DELHI',511,31,20),(2394,'DELHI',93,'20/5/2018  02:00:00','DELHI',511,51,20),(2395,'DELHI',93,'20/5/2018  02:00:00','DELHI',511,91,20),(2396,'CHENNAI',5.2,'20/5/2018  02:00:00','CHENNAI',521,31,20),(2397,'CHENNAI',5.2,'20/5/2018  02:00:00','CHENNAI',521,51,20),(2398,'CHENNAI',5.2,'20/5/2018  02:00:01','CHENNAI',521,91,20),(2399,'CHENNAI',55.00000000000001,'22/5/2018  01:57:49','CHENNAI',543,71,50),(2400,'CHENNAI',-100,'22/5/2018  01:59:37','HYDERABAD',543,11,100),(2401,'CHENNAI',-100,'22/5/2018  02:14:40','HYDERABAD',543,41,100),(2452,'CHENNAI',110.00000000000001,'22/5/2018  07:34:18','CHENNAI',543,61,100),(2453,'CHENNAI',275,'22/5/2018  12:48:58','CHENNAI',543,1,250),(2454,'CHENNAI',5.5,'22/5/2018  10:06:39','CHENNAI',543,92,5),(2455,'CHENNAI',-100,'22/5/2018  01:59:59','HYDERABAD',543,21,100),(2456,'CHENNAI',-100,'22/5/2018  01:43:06','HYDERABAD',543,51,100),(2457,'CHENNAI',-25,'22/5/2018  12:47:40','HYDERABAD',543,91,25),(2502,'CHENNAI',-20,'22/5/2018  01:57:37','HYDERABAD',543,31,20),(2503,'KOLKATA',276,'22/5/2018  10:51:29','KOLKATA',544,21,300),(2504,'KOLKATA',-100,'23/5/2018  01:59:33','RAJASTHAN',544,61,100),(2505,'KOLKATA',-100,'23/5/2018  01:58:43','RAJASTHAN',544,71,100),(2506,'KOLKATA',92,'22/5/2018  11:45:58','KOLKATA',544,41,100),(2602,'KOLKATA',9.200000000000001,'23/5/2018  10:20:40','KOLKATA',544,92,10),(2603,'KOLKATA',-20,'23/5/2018  11:12:40','RAJASTHAN',544,11,20),(2604,'KOLKATA',-20,'23/5/2018  11:14:11','RAJASTHAN',544,51,20),(2605,'KOLKATA',-150,'23/5/2018  01:56:38','RAJASTHAN',544,1,150),(2606,'KOLKATA',18.400000000000002,'23/5/2018  01:00:13','KOLKATA',544,91,20),(2607,'KOLKATA',-5,'23/5/2018  01:56:26','RAJASTHAN',544,31,5),(2652,'HYDERABAD',168.00000000000003,'25/5/2018  01:58:50','HYDERABAD',545,71,150),(2653,'HYDERABAD',280,'25/5/2018  01:57:49','HYDERABAD',545,1,250),(2654,'HYDERABAD',112.00000000000001,'25/5/2018  02:01:23','HYDERABAD',545,41,100),(2655,'HYDERABAD',-300,'25/5/2018  02:03:15','KOLKATA',545,21,300),(2656,'HYDERABAD',112.00000000000001,'25/5/2018  01:57:31','HYDERABAD',545,11,100),(2657,'HYDERABAD',224.00000000000003,'25/5/2018  01:59:51','HYDERABAD',545,61,200),(2658,'HYDERABAD',28.000000000000004,'25/5/2018  11:29:55','HYDERABAD',545,91,25),(2659,'HYDERABAD',-20,'25/5/2018  12:01:57','KOLKATA',545,92,20),(2752,'HYDERABAD',-300,'25/5/2018  12:26:33','KOLKATA',545,51,300),(2753,'HYDERABAD',-300,'25/5/2018  01:57:28','KOLKATA',545,31,300),(2754,'CHENNAI',-50,'27/5/2018  01:59:42','HYDERABAD',546,11,50),(2852,'CHENNAI',-299,'26/5/2018  07:24:13','HYDERABAD',546,71,299),(2853,'CHENNAI',-300,'27/5/2018  01:59:59','HYDERABAD',546,61,300),(2902,'CHENNAI',408.9,'27/5/2018  01:18:12','CHENNAI',546,51,470),(2903,'CHENNAI',193.14,'27/5/2018  03:16:23','CHENNAI',546,41,222),(2904,'CHENNAI',228.81,'27/5/2018  11:39:12','CHENNAI',546,1,263),(2905,'CHENNAI',17.4,'27/5/2018  12:28:14','CHENNAI',546,92,20),(2906,'CHENNAI',-300,'27/5/2018  01:59:59','HYDERABAD',546,21,300),(2907,'CHENNAI',69.6,'27/5/2018  01:59:51','CHENNAI',546,91,80),(2908,'CHENNAI',26.97,'27/5/2018  01:59:48','CHENNAI',546,31,31);
/*!40000 ALTER TABLE `transactions` ENABLE KEYS */;
UNLOCK TABLES;
/*!40103 SET TIME_ZONE=@OLD_TIME_ZONE */;

/*!40101 SET SQL_MODE=@OLD_SQL_MODE */;
/*!40014 SET FOREIGN_KEY_CHECKS=@OLD_FOREIGN_KEY_CHECKS */;
/*!40014 SET UNIQUE_CHECKS=@OLD_UNIQUE_CHECKS */;
/*!40101 SET CHARACTER_SET_CLIENT=@OLD_CHARACTER_SET_CLIENT */;
/*!40101 SET CHARACTER_SET_RESULTS=@OLD_CHARACTER_SET_RESULTS */;
/*!40101 SET COLLATION_CONNECTION=@OLD_COLLATION_CONNECTION */;
/*!40111 SET SQL_NOTES=@OLD_SQL_NOTES */;

-- Dump completed on 2018-05-29  0:45:36
